solver_name,n_runs,n_feasible,n_optimal,pct_feasible,pct_optimal,avg_fleet_objective,avg_per_vessel_runtime_s,avg_total_runtime_s,avg_total_delayed,avg_total_misconnected,avg_total_skipped,avg_total_swapped,avg_total_co2_t,avg_total_ets_eur,obj_std,runtime_std,route_valid_rate,strategy_consistent_rate
CBC,3,3,3,1.0,1.0,1351732.9166666667,0.14865285555586322,0.44595856666758965,,,,,,,26896.72947912397,0.019639761178756845,,
HiGHS,3,3,3,1.0,1.0,1351732.9166666667,0.06209326666713524,0.18627980000140573,,,,,,,26896.72947912397,0.026020924283231526,,
Xpress,3,3,3,1.0,1.0,1351732.9166666667,0.01152018888872893,0.03456056666618679,3.6666666666666665,3.3333333333333335,7.333333333333333,1.3333333333333333,12093.024374999999,786046.584375,26896.72947912397,0.0006497578606518281,1.0,1.0
